# イントロクイズ: 原曲の作品（略称）,曲名,流れる作品（略称）,そこでの呼び名（| 区切り）
# pkdb（app_intro_appearance・app_intro_alias）が正。tools/intro_db.py pull で書き出した控え。
BW,戦闘！キュレム,SV,
BW,戦闘！ゼクロム・レシラム,ORAS,
BW,戦闘！ゼクロム・レシラム,SV,
BW,戦闘！ゼクロム・レシラム,USUM,イッシュ伝説2
BW,戦闘！伝説のポケモン,ORAS,伝説のポケモン(イッシュ)
BW,戦闘！伝説のポケモン,SV,伝説のポケモン(イッシュ)
BW,戦闘！伝説のポケモン,USUM,イッシュ伝説1
BW,戦闘！伝説のポケモン,ZA,ケルディオ|コバルオン|テラキオン|ビリジオン
DP,戦闘！ディアルガ・パルキア,ORAS,
DP,戦闘！ディアルガ・パルキア,USUM,シンオウ伝説3
DP,戦闘！ユクシー・エムリット・アグノム,BW2,
DP,戦闘！ユクシー・エムリット・アグノム,USUM,シンオウ伝説2
DP,戦闘！伝説のポケモン,BW2,伝説のポケモン(シンオウ)
DP,戦闘！伝説のポケモン,ORAS,伝説のポケモン(シンオウ)
DP,戦闘！伝説のポケモン,USUM,シンオウ伝説1
HGSS,戦闘！エンテイ,SV,
HGSS,戦闘！スイクン,ORAS,
HGSS,戦闘！スイクン,SV,
HGSS,戦闘！スイクン,USUM,ジョウト伝説
HGSS,戦闘！ホウオウ,ORAS,
HGSS,戦闘！ホウオウ,SV,
HGSS,戦闘！ホウオウ,USUM,
HGSS,戦闘！ライコウ,SV,
HGSS,戦闘！ルギア,ORAS,
HGSS,戦闘！ルギア,SV,
HGSS,戦闘！ルギア,USUM,
LA,戦い：すごいポケモン,ZA,ダークライ|伝説|伝説のポケモン
LA,戦い：オヤブン,SV,
LPLE,戦い(VS野生のポケモン),SV,
ORAS,戦闘! ゲンシカイキ,ZA,ゲンシカイオーガ|ゲンシグラードン
ORAS,戦闘! 超古代ポケモン,SV,
ORAS,戦闘! 超古代ポケモン,ZA,カイオーガ|グラードン|レックウザ
ORAS,戦闘! 野生ポケモン,SV,野生ポケモン(ホウエン)
ORAS,戦闘! 野生ポケモン,ZA,ラティアス|ラティオス
Pt,戦闘！ギラティナ,ORAS,
Pt,戦闘！ギラティナ,USUM,
Pt,戦闘！フロンティアブレーン(シンオウ),HGSS,クロツグ|ケイト|コクラン|ダリア|ネジキ
RG,戦い(VS野生ポケモン),USUM,カントーポケモン
RSE,戦闘！レジロック・レジアイス・レジスチル,USUM,ホウエン伝説1
RSE,戦闘！超古代ポケモン,USUM,ホウエン伝説2
RSE,戦闘！野生ポケモン,USUM,ホウエンポケモン
RSE,決戦！ダイゴ,Em,ミクリ
SM,戦闘! ソルガレオ・ルナアーラ,SV,
SWSH,戦闘！ブリザポス・レイスポス,SV,
SWSH,戦闘！野生ポケモン,SV,野生ポケモン(ガラル)
XY,戦闘!ゼルネアス･イベルタル,USUM,カロス伝説
XY,戦闘!ゼルネアス･イベルタル,ZA,
XY,戦闘!ミュウツー,USUM,
XY,戦闘!ミュウツー,ZA,
XY,戦闘!継承者コルニ,ZA,コルニ
