# イントロクイズ: 作品名（アルバム名の一部）,略称（| 区切り）
# 回答は「略称＋戦う相手」（例: BWシロナ）。/introdata の作品指定にも使える。
赤・緑,RG|RGB|RGBP|赤緑|初代|赤緑青黄|1世代|gen1
金・銀,GS|GSC|金銀|金銀クリスタル|金銀ク|2世代|gen2
ルビー&サファイア,RSE|RS|ルビサファ|ルビサファエメラルド
ファイアレッド,FRLG|FL|赤緑リメイク
ダイヤモンド&パール,DP|DPt|ダイパ|ダイパプラチナ
ハートゴールド,HGSS|HS|金銀リメイク
ブラック・ホワイト,BW|BW1|ブラホワ|黒白
ブラック2,BW2|B2W2|ブラホワ2|ブラ2ホワ2
X・Y,XY|エックスワイ
オメガルビー,ORAS|オメアル|オーラス
サン・ムーン,SM|サンムーン
ウルトラサン,USUM|USM|ウルトラサンムーン
Let's Go,LPLE|ピカブイ|LGPE
ソード・シールド,SWSH|剣盾
ブリリアントダイヤモンド,BDSP|BS|ダイパリメイク|ブリシャイ
スカーレット・バイオレット,SV|スカバイ
エメラルド,Em|エメラルド|RSE|ルビサファエメラルド
プラチナ,Pt|プラチナ|DPt|ダイパプラチナ
LEGENDS アルセウス,LA|PLA|レジェアル|レジェンズアルセウス
LEGENDS Z-A,ZA|PLZA|レジェZA|ゼットエー
