# イントロクイズ: 作品（略称）,曲名,別名（| 区切り）
# pkdb（app_intro_alias）が正。tools/intro_db.py pull で書き出した控え。
BDSP,戦闘！ギンガ団,ギンガ団したっぱ
BDSP,戦闘！ギンガ団ボス,アカギ
BDSP,戦闘！ギンガ団幹部,サターン|ジュピター|マーズ
BDSP,戦闘！チャンピオン,シロナ
BDSP,戦闘！ディアルガ・パルキア,ディアパル
BDSP,戦闘！ハマナスパークの準伝説ポケモン,ハマナスパーク準伝
BDSP,戦闘！ライバル,ジュン
BW,戦闘でピンチ！,戦闘でピンチ
BW,戦闘！ゲーチス,プラズマ団ボス
BW,戦闘！チェレン・ベル,ライバル
BW,戦闘！チャンピオン,アデク|クダリ|サブウェイマスター|サブマス|ノボリ|ノボリクダリ
BW,戦闘！バトルサブウェイトレーナー,サブウェイ|バトルサブウェイ
BW,戦闘！プラズマ団,プラズマ団したっぱ
BW2,戦闘! チャンピオン(カントー),グリーン|レッド|ワタル
BW2,戦闘! チャンピオン(シンオウ),シロナ
BW2,戦闘! チャンピオン(ジョウト),ワタル
BW2,戦闘! チャンピオン(ホウエン),ダイゴ|ミクリ
BW2,戦闘! ライバル,ヒュウ
BW2,戦闘! レジロック・レジアイス・レジスチル,レジ|レジ系
BW2,戦闘！ゲーチス,プラズマ団ボス|ボス
BW2,戦闘！チャンピオンアイリス,アイリス
DP,戦闘！ギンガ団ボス,アカギ|ボス
DP,戦闘！ギンガ団幹部,サターン|ジュピター|マーズ
DP,戦闘！チャンピオン,シロナ
DP,戦闘！ディアルガ・パルキア,ディアパル
DP,戦闘！ライバル,ジュン
Em,戦闘！フロンティアブレーン(ホウエン),アザミ|ウコン|コゴミ|ジンダイ|ダツラ|ヒース|リラ
FRLG,ラストバトル（VSライバル）,グリーン|チャンピオン
GS,戦闘！チャンピオン,レッド|ワタル
GS,戦闘！ライバル,シルバー
HGSS,戦闘！チャンピオン,レッド|ワタル
HGSS,戦闘！ライバル,シルバー
HGSS,戦闘！超古代ポケモン,カイオーガ|グラードン|レックウザ
LA,戦い：すごいポケモン,クレセリア|ヒードラン|レジギガス|伝説|伝説のポケモン|伝説ポケモン
LA,戦い：アルセウス2,アルセウス
LA,戦い：アルセウス3,アルセウス
LA,戦い：アルセウス4,アルセウス
LA,戦い：ディアルガ・パルキア,ディアパル
LA,戦い：ディアルガ・パルキア （オリジンフォルム）,オリジン|オリジンディアパル|オリジンディアルガ|オリジンパルキア|オリジンフォルム|ディアパルオリジン
LA,戦い：ヒスイの人,トレーナー
LA,戦い：ヒスイの人2,キャプテン|キャプテン・団長|団長
LA,異変の戦い：ポケモン,異変|異変の戦い
LPLE,ラストバトル(VSライバル),シン|チャンピオン
ORAS,戦闘! アクア団・マグマ団のリーダー,アオギリ|アクア団ボス|ボス|マグマ団ボス|マツブサ
ORAS,戦闘! ゲンシカイキ,ゲンシカイオーガ|ゲンシグラードン
ORAS,戦闘! バトルシャトレーヌ,ラジュルネ|ラニュイ|ルスワール|ルミタン
ORAS,戦闘! ユウキ・ハルカ,ハルカ|ユウキ|ライバル
ORAS,戦闘! レジロック・レジアイス・レジスチル,レジ|レジ系
ORAS,戦闘! 伝承者ヒガナ,ヒガナ
ORAS,戦闘! 超古代ポケモン,カイオーガ|グラードン|レックウザ
ORAS,決戦! ダイゴ,チャンピオン
Pt,戦闘！フロンティアブレーン(シンオウ),クロツグ|ケイト|コクラン|ダリア|ネジキ
RG,ラストバトル(VSライバル),グリーン|チャンピオン
RSE,戦闘！アクア・マグマ団のリーダー,アオギリ|アクア団ボス|ボス|マグマ団ボス|マツブサ
RSE,戦闘！ユウキ・ハルカ,ハルカ|ユウキ|ライバル
RSE,戦闘！レジロック・レジアイス・レジスチル,レジ|レジ系
RSE,戦闘！超古代ポケモン,カイオーガ|グラードン|レックウザ
RSE,決戦！ダイゴ,チャンピオン
SM,戦闘! ウルトラビースト,UB
SM,戦闘! エーテル財団トレーナー,エーテル財団
SM,戦闘! スカル団,スカル団したっぱ
SM,戦闘! スカル団ボス,グズマ
SM,戦闘! スカル団幹部,プルメリ
SM,戦闘! バトルツリーボス,グリーン|レッド
SM,戦闘! ルザミーネ,エーテル財団ボス|エーテル財団代表
SM,頂上決戦!,ククイ|ククイ博士|チャンピオン|チャンピオン防衛戦|リュウキ
SV,ほら穴での戦闘,ヘルガー|入り江のほら穴
SV,テラレイドバトル！,テラレイド|テラレイドバトル
SV,戦闘！■■■■,コライドン|ミライドン|楽園防衛|楽園防衛プログラム|防衛プログラム
SV,戦闘！ともっこ,イイネイヌ|キチキギス|マシマシラ
SV,戦闘！エリアゼロのポケモン,エリアゼロの野生|エリアゼロの野生ポケモン|エリアゼロ野生
SV,戦闘！エリアゼロのポケモン2,エリアゼロ2|ゼロラボ入口|ゼロラボ前
SV,戦闘！カシオペア,ボタン
SV,戦闘！キタカミのポケモン,キタカミ野生
SV,戦闘！クラベル校長,クラベル|校長
SV,戦闘！スター団,したっぱ|スター団したっぱ
SV,戦闘！スター団ボス,オルティガ|シュウメイ|スター団幹部|ビワ|ピーニャ|ボス|メロコ|幹部
SV,戦闘！ゼロの秘宝 テラパゴス,ステラテラパゴス|ゼロの秘宝|ゼロの秘宝テラパゴス
SV,戦闘！ゼロラボ,AI博士|オーリム|オーリムAI|オーリム博士|フトゥー|フトゥーAI|フトゥー博士|博士|博士AI
SV,戦闘！トップチャンピオン,オモダカ
SV,戦闘！ドームのポケモン,ドーム野生
SV,戦闘！ヌシ,ヌシポケモン
SV,戦闘！ブルベリーグ四天王,アカマツ|カキツバタ|タロ|ネリネ
SV,戦闘！四天王,アオキ|チリ|ハッサク|ポピー
SV,戦闘！災厄ポケモン,四災|災厄
SWSH,マックスレイドバトル！,マックスレイドバトル
SWSH,戦闘！エール団,エール団したっぱ
SWSH,戦闘！ジムリーダーネズ,ネズ
SWSH,戦闘！ダイマックスアドベンチャー,ダイアド
SWSH,戦闘！ファイナルトーナメント！,チャンピオンカップ|ファイナルトーナメント|四天王
SWSH,戦闘！ローズ,ローズ委員長
SWSH,戦闘！伝説のとりポケモン,ガラル三鳥
SWSH,戦闘！伝説の巨人,レジエレキ|レジドラゴ
SWSH,戦闘！豊穣の王,バドレックス
SWSH,決戦！チャンピオンダンデ,ダンデ|チャンピオン
USUM,戦闘!フラダリ,フレア団ボス
USUM,戦闘！アクア・マグマ団のリーダー,アオギリ|アクア団ボス|マグマ団ボス|マツブサ|マツブサ・アオギリ
USUM,戦闘！ウルトラネクロズマ,ネクロズマ2
USUM,戦闘！ウルトラビースト,UB
USUM,戦闘！ギンガ団ボス,アカギ
USUM,戦闘！ゲーチス,プラズマ団ボス
USUM,戦闘！レインボーロケット団,RR団
USUM,戦闘！日食・月食ネクロズマ,ネクロズマ1|日食ネクロズマ|月食|月食ネクロズマ
USUM,頂上決戦！ハウ,アローラチャンピオン|チャンピオン|チャンピオン防衛戦|ハウ2|リュウキ|決戦ハウ|決戦！ハウ
XY,戦闘!ともだち,サナ|ティエルノ|トロバ|友達
XY,戦闘!チャンピオン,カルネ
XY,戦闘!フラダリ,フレア団ボス|ボス
XY,戦闘!継承者コルニ,コルニ
ZA,戦闘! エムゼット団,ガイ|タウニー|デウロ|ピュール
ZA,戦闘! フラダリラボのオヤブン,オヤブンギルガルド|ギルガルド
ZA,戦闘! フラダリラボのポケモン,フラダリラボ野生
ZA,戦闘! フレア団ヌーヴォ,ヌーヴォ|フレア団
ZA,戦闘! ワイルドゾーンのオヤブン,オヤブン
ZA,戦闘! 地下水道のポケモン,地下水道野生
ZA,戦闘! 強いトレーナー,ジプソ|タラゴン|ハルジオ|マスカット|マチエール|ムク|ランクアップ
ZA,戦闘! 暴走メガダークライ,メガダークライ
ZA,戦闘! 暴走メガレックウザ,メガレックウザ
ZA,戦闘! 異次元ミアレのポケモン,異次元ミアレ野生
ZA,決戦! 超大暴走アンジュフラエッテ,アンジュ|アンジュフラエッテ|フラエッテ
